Query,Match,HMDB,PubChem,KEGG,SMILES,Comment
HMDB0005066,Tetradecanoylcarnitine,HMDB0005066,53477791,NA,CCCCCCCCCCCCCC(=O)O[C@H](CC(O)=O)C[N+](C)(C)C,1
HMDB0005065,Oleoylcarnitine,HMDB0005065,46907933,NA,CCCCCCCC\C=C/CCCCCCCC(=O)O[C@H](CC(O)=O)C[N+](C)(C)C,1
HMDB0006469,Linoleyl carnitine,HMDB0006469,6450015,NA,CCCCC\C=C/C\C=C/CCCCCCCC(=O)O[C@H](CC(O)=O)C[N+](C)(C)C,1
HMDB0000848,Stearoylcarnitine,HMDB0000848,52922056,NA,CCCCCCCCCCCCCCCCCC(=O)O[C@H](CC(O)=O)C[N+](C)(C)C,1
HMDB0028830,Glutamyltryptophan,HMDB0028830,100094,NA,N[C@@H](CCC(O)=O)C(=O)N[C@@H](CC1=CNC2=CC=CC=C12)C(O)=O,1
HMDB0028922,Leucylalanine,HMDB0028922,81721,NA,CC(C)C[C@H](N)C(=O)N[C@@H](C)C(O)=O,1
HMDB0028988,Phenylalanylalanine,HMDB0028988,5488196,NA,C[C@H](NC(=O)[C@@H](N)CC1=CC=CC=C1)C(O)=O,1
HMDB0029562,NA,NA,NA,NA,NA,0
HMDB0028848,Glycyl-Phenylalanine,HMDB0028848,97415,NA,NCC(O)=NC(CC1=CC=CC=C1)C(O)=O,1
HMDB0013243,Leucylphenylalanine,HMDB0013243,6992309,C11221,CC(C)C[C@H](N)C(=O)N[C@@H](CC1=CC=CC=C1)C(O)=O,1
HMDB0000706,Aspartylphenylalanine,HMDB0000706,93078,NA,N[C@@H](CC(O)=O)C(=O)N[C@@H](CC1=CC=CC=C1)C(O)=O,1
HMDB0002013,Butyrylcarnitine,HMDB0002013,213144,C02862,CCCC(=O)O[C@H](CC([O-])=O)C[N+](C)(C)C,1
HMDB0013128,Valerylcarnitine,HMDB0013128,16226475,NA,CCCCC(=O)O[C@H](CC(O)=O)C[N+](C)(C)C,1
HMDB0000688,Isovalerylcarnitine,HMDB0000688,6426851,NA,CC(C)CC(=O)OC(CC([O-])=O)C[N+](C)(C)C,1
HMDB0000756,Hexanoylcarnitine,HMDB0000756,3246938,NA,CCCCCC(=O)O[C@H](CC(O)=O)C[N+](C)(C)C,1
HMDB0000791,Octanoylcarnitine,HMDB0000791,11953814,C02838,CCCCCCCC(=O)O[C@H](CC(O)=O)C[N+](C)(C)C,1
HMDB0000651,Decanoylcarnitine,HMDB0000651,11953821,C03299,CCCCCCCCCC(=O)O[C@H](CC([O-])=O)C[N+](C)(C)C,1
HMDB0000653,Cholesterol sulfate,HMDB0000653,65076,C18043,[H][C@@]12CC[C@H]([C@H](C)CCCC(C)C)[C@@]1(C)CC[C@@]1([H])[C@@]2([H])CC=C2C[C@H](CC[C@]12C)OS(O)(=O)=O,1
HMDB0003075,Flavone,HMDB0003075,10680,C15608,O=C1C=C(OC2=CC=CC=C12)C1=CC=CC=C1,1
HMDB0012308,Vanillin,HMDB0012308,1183,C00755,COC1=CC(C=O)=CC=C1O,1
HMDB0001257,Spermidine,HMDB0001257,1102,C00315,NCCCCNCCCN,1
HMDB0000068,Epinephrine,HMDB0000068,5816,C00788,CNC[C@H](O)C1=CC(O)=C(O)C=C1,1
HMDB0000216,Norepinephrine,HMDB0000216,439260,C00547,NC[C@H](O)C1=CC(O)=C(O)C=C1,1
HMDB0001972,3-Aminosalicylic acid,HMDB0001972,68443,NA,NC1=CC=CC(C(O)=O)=C1O,1
HMDB0000073,Dopamine,HMDB0000073,681,C03758,NCCC1=CC(O)=C(O)C=C1,1
HMDB0005807,Gallic acid,HMDB0005807,370,C01424,OC(=O)C1=CC(O)=C(O)C(O)=C1,1
HMDB0000634,Citraconic acid,HMDB0000634,643798,C02226,C\C(=C\C(O)=O)C(O)=O,1
HMDB0000259,Serotonin,HMDB0000259,5202,C00780,NCCC1=CNC2=C1C=C(O)C=C2,1
HMDB0003164,Chlorogenic acid,HMDB0003164,1794427,C00852,O[C@@H]1C[C@](O)(C[C@@H](OC(=O)\C=C\C2=CC(O)=C(O)C=C2)[C@@H]1O)C(O)=O,1
HMDB0001987,2-Hydroxy-2-methylbutyric acid,HMDB0001987,95433,NA,CCC(C)(O)C(O)=O,1
HMDB0000036,Taurocholic acid,HMDB0000036,6675,C05122,[H][C@@]1(CC[C@@]2([H])[C@]3([H])[C@H](O)C[C@]4([H])C[C@H](O)CC[C@]4(C)[C@@]3([H])C[C@H](O)[C@]12C)[C@H](C)CCC(=O)NCCS(O)(=O)=O,1
HMDB0001891,m-Aminobenzoic acid,HMDB0001891,7419,NA,NC1=CC=CC(=C1)C(O)=O,1
HMDB0000022,3-Methoxytyramine,HMDB0000022,1669,C05587,COC1=C(O)C=CC(CCN)=C1,1
HMDB0001476,3-Hydroxyanthranilic acid,HMDB0001476,86,C00632,NC1=C(O)C=CC=C1C(O)=O,1
HMDB0001856,Protocatechuic acid,HMDB0001856,72,C00230,OC(=O)C1=CC(O)=C(O)C=C1,1
HMDB0001065,2-Hydroxyphenethylamine,HMDB0001065,1000,C02735,NCC(O)C1=CC=CC=C1,1
HMDB0000703,Mandelic acid,HMDB0000703,439616,C01984,O[C@H](C(O)=O)C1=CC=CC=C1,1
HMDB0003152,N-Methylnicotinamide,HMDB0003152,64950,NA,CNC(=O)C1=CN=CC=C1,1
HMDB0001904,3-Nitrotyrosine,HMDB0001904,65124,NA,N[C@@H](CC1=CC=C(O)C(=C1)[N+]([O-])=O)C(O)=O,1
HMDB0001015,N-Formyl-L-methionine,HMDB0001015,439750,C03145,CSCC[C@H](NC=O)C(O)=O,1
HMDB0000407,2-Hydroxy-3-methylbutyric acid,HMDB0000407,99823,NA,CC(C)C(O)C(O)=O,1
HMDB0000682,Indoxyl sulfate,HMDB0000682,10258,NA,OS(=O)(=O)OC1=CNC2=CC=CC=C12,1
HMDB0001983,5'-Deoxyadenosine,HMDB0001983,439182,C05198,C[C@H]1O[C@H]([C@H](O)[C@@H]1O)N1C=NC2=C(N)N=CN=C12,1
HMDB0000881,Xanthurenic acid,HMDB0000881,5699,C02470,OC(=O)C1=NC2=C(O)C=CC=C2C(O)=C1,1
HMDB0037115,(Â±)-2-Hydroxy-4-(methylthio)butanoic acid,HMDB0037115,11427,NA,CSCCC(O)C(O)=O,1
HMDB0000755,Hydroxyphenyllactic acid,HMDB0000755,9378,C03672,OC(CC1=CC=C(O)C=C1)C(O)=O,1
HMDB0004230,Pyrrole-2-carboxylic acid,HMDB0004230,12473,C05942,OC(=O)C1=CC=CN1,1
HMDB0000752,Methylglutaric acid,HMDB0000752,12284,NA,CC(CC(O)=O)CC(O)=O,1
HMDB0000866,N-Acetyl-L-tyrosine,HMDB0000866,68310,C01657,CC(=O)N[C@@H](CC1=CC=C(O)C=C1)C(O)=O,1
HMDB0000448,Adipic acid,HMDB0000448,196,C06104,OC(=O)CCCCC(O)=O,1
HMDB0000020,p-Hydroxyphenylacetic acid,HMDB0000020,127,C00642,OC(=O)CC1=CC=C(O)C=C1,1
HMDB0002643,HPHPA,HMDB0002643,102959,NA,OC(CC(O)=O)C1=CC(O)=CC=C1,1
HMDB0004461,Benzamide,HMDB0004461,2331,C09815,NC(=O)C1=CC=CC=C1,1
HMDB0012275,Phenylethylamine,HMDB0012275,1001,C05332,NCCC1=CC=CC=C1,1
HMDB0011745,N-Acetyl-L-methionine,HMDB0011745,448580,C02712,CSCC[C@H](NC(C)=O)C(O)=O,1
HMDB0000397,2-Pyrocatechuic acid,HMDB0000397,19,C00196,OC(=O)C1=C(O)C(O)=CC=C1,1
HMDB0002466,3-Hydroxybenzoic acid,HMDB0002466,7420,C00587,OC(=O)C1=CC(O)=CC=C1,1
HMDB0000500,4-Hydroxybenzoic acid,HMDB0000500,135,C00156,OC(=O)C1=CC=C(O)C=C1,1
HMDB0000228,Phenol,HMDB0000228,996,C00146,OC1=CC=CC=C1,1
HMDB0002107,Phthalic acid,HMDB0002107,1017,C01606,OC(=O)C1=CC=CC=C1C(O)=O,1
HMDB0001889,Theophylline,HMDB0001889,2153,C07130,CN1C2=C(NC=N2)C(=O)N(C)C1=O,1
HMDB0003320,Indole-3-carboxylic acid,HMDB0003320,69867,C19837,OC(=O)C1=CNC2=CC=CC=C12,1
HMDB0001238,N-Acetylserotonin,HMDB0001238,903,C00978,CC(=O)NCCC1=CNC2=C1C=C(O)C=C2,1
HMDB0000714,Hippuric acid,HMDB0000714,464,C01586,OC(=O)CNC(=O)C1=CC=CC=C1,1
HMDB0061755,Indican,HMDB0061755,441564,C08481,OC[C@H]1O[C@@H](OC2=CNC3=C2C=CC=C3)[C@H](O)[C@@H](O)[C@@H]1O,1
HMDB0033731,Quinoline,HMDB0033731,7047,C06413,C1=CC=C2N=CC=CC2=C1,1
HMDB0000205,Phenylpyruvic acid,HMDB0000205,997,C00166,OC(=O)C(=O)CC1=CC=CC=C1,1
HMDB0000707,4-Hydroxyphenylpyruvic acid,HMDB0000707,979,C01179,OC(=O)C(=O)CC1=CC=C(O)C=C1,1
HMDB0000118,Homovanillic acid,HMDB0000118,1738,C05582,COC1=C(O)C=CC(CC(O)=O)=C1,1
HMDB0000821,Phenylacetylglycine,HMDB0000821,68144,C05598,OC(=O)CNC(=O)CC1=CC=CC=C1,1
HMDB0000303,Tryptamine,HMDB0000303,1150,C00398,NCCC1=CNC2=C1C=CC=C2,1
HMDB0000423,4-Dihydroxyhydrocinnamic acid,HMDB0000423,348154,C10447,OC(=O)CCC1=CC(O)=C(O)C=C1,1
HMDB0000842,Quinaldic acid,HMDB0000842,7124,C06325,OC(=O)C1=NC2=C(C=CC=C2)C=C1,1
HMDB0000484,Vanillic acid,HMDB0000484,8468,C06672,COC1=C(O)C=CC(=C1)C(O)=O,1
HMDB0004370,N-Methyltryptamine,HMDB0004370,6088,C06213,CNCCC1=CNC2=CC=CC=C12,1
HMDB0001173,5'-Methylthioadenosine,HMDB0001173,439176,C00170,CSC[C@H]1O[C@H]([C@H](O)[C@@H]1O)N1C=NC2=C1N=CN=C2N,1
HMDB0001964,Caffeic acid,HMDB0001964,689043,C01481,OC(=O)\C=C\C1=CC(O)=C(O)C=C1,1
HMDB0001847,Caffeine,HMDB0001847,2519,C07481,CN1C=NC2=C1C(=O)N(C)C(=O)N2C,1
HMDB0011718,4-Hydroxybenzaldehyde,HMDB0011718,126,C00633,OC1=CC=C(C=O)C=C1,1
HMDB0000555,3-Methyladipic acid,HMDB0000555,6999745,NA,C[C@@H](CCC(O)=O)CC(O)=O,1
HMDB0029739,Indole-3-acetamide,HMDB0029739,397,C02693,NC(=O)CC1=CNC2=C1C=CC=C2,1
HMDB0000440,3-Hydroxyphenylacetic acid,HMDB0000440,12122,C05593,OC(=O)CC1=CC(O)=CC=C1,1
HMDB0000840,Salicyluric acid,HMDB0000840,10253,C07588,OC(=O)CNC(=O)C1=C(O)C=CC=C1,1
HMDB0000030,Biotin,HMDB0000030,171548,C00120,[H][C@]12CS[C@@H](CCCCC(O)=O)[C@@]1([H])NC(=O)N2,1
HMDB0000669,ortho-Hydroxyphenylacetic acid,HMDB0000669,11970,C05852,OC(=O)CC1=C(O)C=CC=C1,1
HMDB0000826,Pentadecanoic acid,HMDB0000826,13849,C16537,CCCCCCCCCCCCCCC(O)=O,1
HMDB0000671,Indolelactic acid,HMDB0000671,676157,C02043,O[C@@H](CC1=CNC2=C1C=CC=C2)C(O)=O,1
HMDB0060412,6-Methylmercaptopurine,HMDB0060412,5778,C16614,CSC1=NC=NC2=C1N=CN2,1
HMDB0015687,Salicylamide,HMDB0015687,5147,NA,NC(=O)C1=CC=CC=C1O,1
HMDB0002199,Desaminotyrosine,HMDB0002199,10394,C01744,OC(=O)CCC1=CC=C(O)C=C1,1
HMDB0001870,Benzoic acid,HMDB0001870,243,C00180,OC(=O)C1=CC=CC=C1,1
HMDB0003474,5-Diiodo-L-tyrosine,HMDB0003474,9305,C01060,[H][C@](N)(CC1=CC(I)=C(O)C(I)=C1)C(O)=O,1
HMDB0002035,4-Hydroxycinnamic acid,HMDB0002035,637542,C00811,OC(=O)\C=C\C1=CC=C(O)C=C1,1
HMDB0004078,Cinnabarinic acid,HMDB0004078,114918,C05640,NC1=C(C(O)=O)C2=NC3=C(C=CC=C3OC2=CC1=O)C(O)=O,1
HMDB0000779,Phenyllactic acid,HMDB0000779,3848,C01479,OC(CC1=CC=CC=C1)C(O)=O,1
HMDB0001624,2-Hydroxycaproic acid,HMDB0001624,99824,NA,CCCCC(O)C(O)=O,1
HMDB0003701,Dimethylbenzimidazole,HMDB0003701,675,C03114,CC1=CC2=C(C=C1C)N=CN2,1
HMDB0013713,N-Acetyltryptophan,HMDB0013713,700653,NA,CC(=O)N[C@@H](CC1=CNC2=C1C=CC=C2)C(O)=O,1
HMDB0011756,N-Acetyl-Leu,HMDB0011756,70912,C02710,CC(C)C[C@H](NC(C)=O)C(O)=O,1
HMDB0000512,N-Acetyl-L-phenylalanine,HMDB0000512,74839,C03519,CC(=O)N[C@@H](CC1=CC=CC=C1)C(O)=O,1
HMDB0029737,Indole-3-carboxaldehyde,HMDB0029737,10256,C08493,O=CC1=CNC2=C1C=CC=C2,1
HMDB0000715,Kynurenic acid,HMDB0000715,3845,C01717,OC(=O)C1=CC(=O)C2=CC=CC=C2N1,1
HMDB0000954,Ferulic acid,HMDB0000954,445858,C01494,COC1=C(O)C=CC(\C=C\C(O)=O)=C1,1
HMDB0000738,Indole,HMDB0000738,798,C00463,N1C=CC2=C1C=CC=C2,1
HMDB0000893,Suberic acid,HMDB0000893,10457,C08278,OC(=O)CCCCCCC(O)=O,1
HMDB0003581,Dethiobiotin,HMDB0003581,445027,C01909,C[C@@H]1NC(=O)N[C@@H]1CCCCCC(O)=O,1
HMDB0001389,Melatonin,HMDB0001389,896,C01598,COC1=CC2=C(NC=C2CCNC(C)=O)C=C1,1
HMDB0250981,NA,NA,NA,NA,NA,0
HMDB0029659,4'-Dihydroxyacetophenone,HMDB0029659,6990,C03663,CC(=O)C1=C(O)C=C(O)C=C1,1
HMDB0257165,NA,NA,NA,NA,NA,0
HMDB0000197,Indoleacetic acid,HMDB0000197,802,C00954,OC(=O)CC1=CNC2=C1C=CC=C2,1
HMDB0033752,3-(2-Hydroxyphenyl)propanoic acid,HMDB0033752,873,C01198,OC(=O)CCC1=CC=CC=C1O,1
HMDB0003572,Rosmarinic acid,HMDB0003572,5281792,C01850,OC(=O)[C@@H](CC1=CC(O)=C(O)C=C1)OC(=O)\C=C\C1=CC(O)=C(O)C=C1,1
HMDB0002641,2-Hydroxycinnamic acid,HMDB0002641,637540,C01772,OC(=O)\C=C\C1=C(O)C=CC=C1,1
HMDB0003447,Tryptophol,HMDB0003447,10685,C00955,OCCC1=CNC2=C1C=CC=C2,1
HMDB0240266,NA,NA,NA,NA,NA,0
HMDB0304943,NA,NA,NA,NA,NA,0
HMDB0011635,p-Cresol sulfate,HMDB0011635,4615423,NA,CC1=CC=C(OS(O)(=O)=O)C=C1,1
HMDB0000784,Azelaic acid,HMDB0000784,2266,C08261,OC(=O)CCCCCCCC(O)=O,1
HMDB0000734,Indoleacrylic acid,HMDB0000734,5375048,NA,OC(=O)\C=C\C1=CNC2=C1C=CC=C2,1
HMDB0002302,Indole-3-propionic acid,HMDB0002302,3744,NA,OC(=O)CCC1=CNC2=C1C=CC=C2,1
HMDB0254199,NA,NA,NA,NA,NA,0
HMDB0000962,Lipoamide,HMDB0000962,863,C00248,NC(=O)CCCCC1CCSS1,1
HMDB0000764,Hydrocinnamic acid,HMDB0000764,107,C05629,OC(=O)CCC1=CC=CC=C1,1
HMDB0011743,2-Phenylpropionate,HMDB0011743,10296,NA,CC(C(O)=O)C1=CC=CC=C1,1
HMDB0002209,Equol,HMDB0002209,91469,C14131,OC1=CC=C(C=C1)[C@H]1COC2=CC(O)=CC=C2C1,1
HMDB0029738,Indole-3-methyl acetate,HMDB0029738,74706,NA,COC(=O)CC1=CNC2=C1C=CC=C2,1
HMDB0000792,Sebacic acid,HMDB0000792,5192,C08277,OC(=O)CCCCCCCCC(O)=O,1
HMDB0000930,trans-Cinnamic acid,HMDB0000930,444539,C10438,OC(=O)\C=C\C1=CC=CC=C1,1
HMDB0002802,Cortisone,HMDB0002802,222786,C00762,[H][C@@]12CC[C@](O)(C(=O)CO)[C@@]1(C)CC(=O)[C@@]1([H])[C@@]2([H])CCC2=CC(=O)CC[C@]12C,1
HMDB0001955,3-Phenylbutyric acid,HMDB0001955,20724,NA,CC(CC(O)=O)C1=CC=CC=C1,1
HMDB0000543,Benzenebutanoic acid,HMDB0000543,4775,NA,OC(=O)CCCC1=CC=CC=C1,1
HMDB0000063,Cortisol,HMDB0000063,5754,C00735,[H][C@@]12CC[C@](O)(C(=O)CO)[C@@]1(C)C[C@H](O)[C@@]1([H])[C@@]2([H])CCC2=CC(=O)CC[C@]12C,1
HMDB0000466,3-Methylindole,HMDB0000466,6736,C08313,CC1=CNC2=C1C=CC=C2,1
HMDB0244272,NA,NA,NA,NA,NA,0
HMDB0258742,NA,NA,NA,NA,NA,0
HMDB0000932,Tauro-b-muricholic acid,HMDB0000932,168408,NA,[H][C@@]12C[C@H](O)CC[C@]1(C)C1CC[C@]3(C)[C@H](CCC3C1[C@@H](O)[C@H]2O)[C@H](C)CCC(=O)NCCS(O)(=O)=O,1
HMDB0000265,Liothyronine,HMDB0000265,5920,C02465,N[C@@H](CC1=CC(I)=C(OC2=CC(I)=C(O)C=C2)C(I)=C1)C(O)=O,1
HMDB0001547,Corticosterone,HMDB0001547,5753,C02140,[H][C@@]1(CC[C@@]2([H])[C@]3([H])CCC4=CC(=O)CC[C@]4(C)[C@@]3([H])[C@@]([H])(O)C[C@]12C)C(=O)CO,1
HMDB0243892,NA,NA,NA,NA,NA,0
HMDB0000015,Cortexolone,HMDB0000015,440707,C05488,[H][C@@]12CC[C@](O)(C(=O)CO)[C@@]1(C)CC[C@@]1([H])[C@@]2([H])CCC2=CC(=O)CC[C@]12C,1
HMDB0000917,Ursocholic acid,HMDB0000917,122340,C17644,[H][C@@]12CC[C@H]([C@H](C)CCC(O)=O)[C@@]1(C)[C@@H](O)C[C@@]1([H])[C@@]2([H])[C@@H](O)C[C@]2([H])C[C@H](O)CC[C@]12C,1
HMDB0000637,Chenodeoxycholic acid glycine conjugate,HMDB0000637,12544,C05466,[H][C@@]1(CC[C@@]2([H])[C@]3([H])[C@H](O)C[C@]4([H])C[C@H](O)CC[C@]4(C)[C@@]3([H])CC[C@]12C)[C@H](C)CCC(=O)NCC(O)=O,1
HMDB0000708,Glycoursodeoxycholic acid,HMDB0000708,12310288,NA,[H][C@@]1(CC[C@@]2([H])[C@]3([H])[C@@H](O)C[C@]4([H])C[C@H](O)CC[C@]4(C)[C@@]3([H])CC[C@]12C)[C@H](C)CCC(=O)NCC(O)=O,1
HMDB0000391,7-Ketodeoxycholic acid,HMDB0000391,188292,C04643,[H][C@@]12CC[C@H]([C@H](C)CCC(O)=O)[C@@]1(C)[C@@H](O)C[C@@]1([H])[C@@]2([H])C(=O)C[C@]2([H])C[C@H](O)CC[C@]12C,1
HMDB0000774,Pregnenolone sulfate,HMDB0000774,20845972,NA,[H][C@@]12CC[C@H](C(C)=O)[C@@]1(C)CC[C@@]1([H])[C@@]2([H])CC=C2CC(CC[C@]12C)OS(O)(=O)=O,1
HMDB0000415,7b-Trihydroxy-5b-cholanoic acid,HMDB0000415,5283853,C17726,[H][C@@]12CC[C@H]([C@H](C)CCC(O)=O)[C@@]1(C)CC[C@@]1([H])[C@@]2([H])[C@@H](O)[C@@H](O)[C@]2([H])C[C@H](O)CC[C@]12C,1
HMDB0000138,Glycocholic acid,HMDB0000138,10140,C01921,C[C@H](CCC(O)=NCC(O)=O)[C@H]1CC[C@H]2[C@@H]3[C@H](O)C[C@@H]4C[C@H](O)CC[C@]4(C)[C@H]3C[C@H](O)[C@]12C,1
HMDB0000811,Murocholic acid,HMDB0000811,5283821,C15515,[H][C@@]12CC[C@H]([C@H](C)CCC(O)=O)[C@@]1(C)CC[C@@]1([H])[C@@]2([H])C[C@@H](O)[C@]2([H])C[C@H](O)CC[C@]12C,1
HMDB0002639,Sulfolithocholylglycine,HMDB0002639,72222,C11301,[H][C@@]1(CC[C@@]2([H])[C@]3([H])CC[C@]4([H])C[C@@H](CC[C@]4(C)[C@@]3([H])CC[C@]12C)OS(O)(=O)=O)[C@H](C)CCC(=O)NCC(O)=O,1
HMDB0000502,3-Oxocholic acid,HMDB0000502,5283956,NA,[H][C@@]1(CC[C@@]2([H])[C@]3([H])[C@H](O)C[C@]4([H])CC(=O)CC[C@]4(C)[C@@]3([H])C[C@H](O)[C@]12C)[C@H](C)CCC(O)=O,1
HMDB0000951,Taurochenodesoxycholic acid,HMDB0000951,387316,C05465,[H][C@@]1(CC[C@@]2([H])[C@]3([H])[C@H](O)C[C@]4([H])C[C@H](O)CC[C@]4(C)[C@@]3([H])CC[C@]12C)[C@H](C)CCC(=O)NCCS(O)(=O)=O,1
HMDB0000518,Chenodeoxycholic acid,HMDB0000518,10133,C02528,[H][C@@]1(CC[C@@]2([H])[C@]3([H])[C@H](O)C[C@]4([H])C[C@H](O)CC[C@]4(C)[C@@]3([H])CC[C@]12C)[C@H](C)CCC(O)=O,1
HMDB0000946,Ursodeoxycholic acid,HMDB0000946,31401,C07880,[H][C@@]1(CC[C@@]2([H])[C@]3([H])[C@@H](O)C[C@]4([H])C[C@H](O)CC[C@]4(C)[C@@]3([H])CC[C@]12C)[C@H](C)CCC(O)=O,1
HMDB0000686,Isoursodeoxycholic acid,HMDB0000686,127601,C17662,[H][C@@]1(CC[C@@]2([H])[C@]3([H])[C@@H](O)C[C@]4([H])C[C@@H](O)CC[C@]4(C)[C@@]3([H])CC[C@]12C)[C@H](C)CCC(O)=O,1
HMDB0000760,Hyocholic acid,HMDB0000760,131750324,NA,[H][C@@]12CCC([C@H](C)CCC(O)=O)[C@@]1(C)CC[C@@]1([H])[C@@]2([H])[C@H](O)[C@H](O)[C@]2([H])C[C@H](O)CC[C@]12C,1
HMDB0000467,Nutriacholic acid,HMDB0000467,53477693,NA,[H][C@@]12CCC([C@@H](C)CCC(O)=O)[C@@]1(C)CC[C@@]1([H])[C@@]2([H])C(=O)C[C@]2([H])C[C@H](O)CC[C@]12C,1
HMDB0000896,Taurodeoxycholic acid,HMDB0000896,2733768,C05463,[H][C@@]1(CC[C@@]2([H])[C@]3([H])CC[C@]4([H])C[C@H](O)CC[C@]4(C)[C@@]3([H])C[C@H](O)[C@]12C)[C@H](C)CCC(=O)NCCS(O)(=O)=O,1
HMDB0000664,Isohyodeoxycholic acid,HMDB0000664,5283822,NA,[H][C@@]12CC[C@H]([C@H](C)CCC(O)=O)[C@@]1(C)CC[C@@]1([H])[C@@]2([H])C[C@H](O)[C@]2([H])C[C@@H](O)CC[C@]12C,1
HMDB0304944,NA,NA,NA,NA,NA,0
HMDB0033724,Undecylenic acid,HMDB0033724,5634,C13910,OC(=O)CCCCCCCCC=C,1
HMDB0000364,7b-Trihydroxy-5b-cholanoic acid,HMDB0000364,5283851,C17727,[H][C@@]12CC[C@H]([C@H](C)CCC(O)=O)[C@@]1(C)CC[C@@]1([H])[C@@]2([H])[C@@H](O)[C@H](O)[C@]2([H])C[C@H](O)CC[C@]12C,1
HMDB0000619,Cholic acid,HMDB0000619,221493,C00695,C[C@H](CCC(O)=O)[C@H]1CC[C@H]2[C@@H]3[C@H](O)C[C@@H]4C[C@H](O)CC[C@]4(C)[C@H]3C[C@H](O)[C@]12C,1
HMDB0000631,Deoxycholic acid glycine conjugate,HMDB0000631,22833539,C05464 ,[H][C@]12CCC3C4CC[C@H]([C@H](C)CCC(=O)NCC(O)=O)[C@@]4(C)[C@@H](O)CC3[C@@]1(C)CC[C@@H](O)C2,1
HMDB0000947,Undecanoic acid,HMDB0000947,8180,C17715,CCCCCCCCCCC(O)=O,1
HMDB0000722,Lithocholyltaurine,HMDB0000722,439763,C02592,[H][C@@]1(CC[C@@]2([H])[C@]3([H])CC[C@]4([H])C[C@H](O)CC[C@]4(C)[C@@]3([H])CC[C@]12C)[C@H](C)CCC(=O)NCCS(O)(=O)=O,1
HMDB0304947,NA,NA,NA,NA,NA,0
HMDB0000698,Lithocholic acid glycine conjugate,HMDB0000698,115245,C15557,[H][C@@]1(CC[C@@]2([H])[C@]3([H])CC[C@]4([H])C[C@H](O)CC[C@]4(C)[C@@]3([H])CC[C@]12C)[C@H](C)CCC(=O)NCC(O)=O,1
HMDB0000626,Deoxycholic acid,HMDB0000626,222528,C04483,[H][C@@]1(CC[C@@]2([H])[C@]3([H])CC[C@]4([H])C[C@H](O)CC[C@]4(C)[C@@]3([H])C[C@H](O)[C@]12C)[C@H](C)CCC(O)=O,1
HMDB0000733,Hyodeoxycholic acid,HMDB0000733,9963687,C15517,[H][C@@]12CC[C@H]([C@H](C)CCC(O)=O)[C@@]1(C)CC[C@@]1([H])[C@@]2([H])C[C@H](O)C2C[C@H](O)CC[C@]12C,1
HMDB0034297,Ricinoleic acid,HMDB0034297,5282942,C08365,CCCCCCC(O)C\C=C/CCCCCCCC(O)=O,1
HMDB0011567,NA,NA,NA,NA,NA,0
HMDB0000717,Isolithocholic acid,HMDB0000717,164853,C17658,[H][C@@]12CC[C@H]([C@H](C)CCC(O)=O)[C@@]1(C)CC[C@@]1([H])[C@@]2([H])CC[C@]2([H])C[C@@H](O)CC[C@]12C,1
HMDB0002536,Isodeoxycholic acid,HMDB0002536,164672,C17661,[H][C@@]1(CC[C@@]2([H])[C@]3([H])[C@H](O)C[C@]4([H])CCCC[C@]4(C)[C@@]3([H])C[C@H](O)[C@]12C)[C@H](C)CCC(O)=O,1
HMDB0000638,Dodecanoic acid,HMDB0000638,3893,C02679,CCCCCCCCCCCC(O)=O,1
HMDB0061706,12-Hydroxystearic acid,HMDB0061706,7789,NA,CCCCCCC(O)CCCCCCCCCCC(O)=O,1
HMDB0002000,Myristoleic acid,HMDB0002000,5281119,C08322,CCCC\C=C/CCCCCCCC(O)=O,1
HMDB0000761,Lithocholic acid,HMDB0000761,9903,C03990,[H][C@@]1(CC[C@@]2([H])[C@]3([H])CC[C@]4([H])C[C@H](O)CC[C@]4(C)[C@@]3([H])CC[C@]12C)[C@H](C)CCC(O)=O,1
HMDB0062248,9E-tetradecenoic acid,HMDB0062248,5312402,NA,CCCC\C=C\CCCCCCCC(O)=O,1
HMDB0000910,Tridecanoic acid,HMDB0000910,12530,C17076,CCCCCCCCCCCCC(O)=O,1
HMDB0304816,NA,NA,NA,NA,NA,0
HMDB0001999,Eicosapentaenoic acid,HMDB0001999,446284,C06428,CC\C=C/C\C=C/C\C=C/C\C=C/C\C=C/CCCC(O)=O,1
HMDB0000806,Myristic acid,HMDB0000806,11005,C06424,CCCCCCCCCCCCCC(O)=O,1
HMDB0003073,gamma-Linolenic acid,HMDB0003073,5280933,C06426,CCCCC\C=C/C\C=C/C\C=C/CCCCC(O)=O,1
HMDB0001388,alpha-Linolenic acid,HMDB0001388,5280934,C06427,CC\C=C/C\C=C/C\C=C/CCCCCCCC(O)=O,1
HMDB0002100,Palmitoylethanolamide,HMDB0002100,4671,C16512,CCCCCCCCCCCCCCCC(=O)NCCO,1
HMDB0003229,Palmitoleic acid,HMDB0003229,445638,C08362,CCCCCC\C=C/CCCCCCCC(O)=O,1
HMDB0012328,Palmitelaidic acid,HMDB0012328,5282745,NA,CCCCCC\C=C\CCCCCCCC(O)=O,1
HMDB0002183,Docosahexaenoic acid,HMDB0002183,445580,C06429,CC\C=C/C\C=C/C\C=C/C\C=C/C\C=C/C\C=C/CCC(O)=O,1
HMDB0001043,Arachidonic acid,HMDB0001043,444899,C00219,CCCCC\C=C/C\C=C/C\C=C/C\C=C/CCCC(O)=O,1
HMDB0001852,all-trans-Retinoic acid,HMDB0001852,444795,C00777,C\C(\C=C\C1=C(C)CCCC1(C)C)=C/C=C/C(/C)=C/C(O)=O,1
HMDB0006270,Linoelaidic acid,HMDB0006270,5282457,NA,CCCCC\C=C\C\C=C\CCCCCCCC(O)=O,1
HMDB0000673,Linoleic acid,HMDB0000673,5280450,C01595,CCCCC\C=C/C\C=C/CCCCCCCC(O)=O,1
HMDB0005048,12Z)-Octadecadienoic acid,HMDB0005048,5282800,C04056,CCCCC\C=C/C=C/CCCCCCCCC(O)=O,1
HMDB0304753,NA,NA,NA,NA,NA,0
HMDB0060038,10Z-Heptadecenoic acid,HMDB0060038,5312435,NA,CCCCCC\C=C/CCCCCCCCC(O)=O,1
HMDB0001976,Docosapentaenoic acid (22n-6),HMDB0001976,6441454,NA,CCCCC\C=C/C\C=C/C\C=C/C\C=C/C\C=C/CCC(O)=O,1
HMDB0002925,Dihomo-gamma-linolenic acid,HMDB0002925,5280581,C03242,CCCCC\C=C/C\C=C/C\C=C/CCCCCCC(O)=O,1
HMDB0244373,NA,NA,NA,NA,NA,0
HMDB0000220,Palmitic acid,HMDB0000220,985,C00249,CCCCCCCCCCCCCCCC(O)=O,1
HMDB0002226,Adrenic acid,HMDB0002226,5497181,C16527,CCCCC\C=C/C\C=C/C\C=C/C\C=C/CCCCCC(O)=O,1
HMDB0000207,Oleic acid,HMDB0000207,445639,C00712,CCCCCCCC\C=C/CCCCCCCC(O)=O,1
HMDB0000573,Elaidic acid,HMDB0000573,637517,C01712,CCCCCCCC\C=C\CCCCCCCC(O)=O,1
HMDB0002080,Petroselinic acid,HMDB0002080,11634,C08363,CCCCCCCCCCCC=CCCCCC(O)=O,1
HMDB0002259,Heptadecanoic acid,HMDB0002259,10465,NA,CCCCCCCCCCCCCCCCC(O)=O,1
HMDB0013622,10Z-Nonadecenoic acid,HMDB0013622,5312513,C00174,CCCCCCCC\C=C/CCCCCCCCC(O)=O,1
HMDB0000827,Stearic acid,HMDB0000827,5281,C01530,CCCCCCCCCCCCCCCCCC(O)=O,1
HMDB0002231,11Z-Eicosenoic acid,HMDB0002231,5282768,C16526,CCCCCCCC\C=C/CCCCCCCCCC(O)=O,1
HMDB0061714,Docosadienoate (22:2n6),HMDB0061714,5312554,C16533,CCCCC\C=C/C\C=C/CCCCCCCCCCCC(O)=O,1
HMDB0002068,Erucic acid,HMDB0002068,5281116,C08316,CCCCCCCC\C=C/CCCCCCCCCCCC(O)=O,1
HMDB0002345,Heneicosanoic acid,HMDB0002345,16898,NA,CCCCCCCCCCCCCCCCCCCCC(O)=O,1
HMDB0000944,Behenic acid,HMDB0000944,8215,C08281,CCCCCCCCCCCCCCCCCCCCCC(O)=O,1
HMDB0000824,Propionylcarnitine,HMDB0000824,188824,C03017,CCC(=O)O[C@H](CC(O)=O)C[N+](C)(C)C,1
HMDB0005768,Kyotorphin,HMDB0005768,123804,C02993,N[C@@H](CC1=CC=C(O)C=C1)C(=O)N[C@@H](CCCNC(N)=N)C(O)=O,1
HMDB0029098,Tyrosyl-Alanine,HMDB0029098,4078684,NA,CC(NC(=O)C(N)CC1=CC=C(O)C=C1)C(O)=O,1
HMDB0028853,Glycyltyrosine,HMDB0028853,92829,NA,NCC(=O)N[C@@H](CC1=CC=C(O)C=C1)C(O)=O,1
HMDB0002095,Malonylcarnitine,HMDB0002095,91825606,NA,C[N+](C)(C)C[C@@H](CC([O-])=O)OC(=O)CC(O)=O,1
HMDB0028685,Alanylglutamine,HMDB0028685,123935,NA,C[C@H](N)C(=O)N[C@@H](CCC(N)=O)C(O)=O,1
HMDB0011733,Glycyl-glycine,HMDB0011733,11163,C02037,NCC(=O)NCC(O)=O,1
HMDB0029120,Valylalanine,HMDB0029120,6992637,NA,CC(C)[C@H](N)C(=O)N[C@@H](C)C(O)=O,1
HMDB0028854,Glycylvaline,HMDB0028854,2724807,NA,CC(C)[C@H](NC(=O)CN)C(O)=O,1
HMDB0013130,Glutarylcarnitine,HMDB0013130,53481699,NA,C[N+](C)(C)C[C@@H](CC(O)=O)OC(=O)CCCC(O)=O,1
HMDB0000134,Fumaric acid,HMDB0000134,444972,C00122,OC(=O)\C=C\C(O)=O,1
HMDB0000017,4-Pyridoxic acid,HMDB0000017,6723,C00847,CC1=NC=C(CO)C(C(O)=O)=C1O,1
HMDB0000965,Hypotaurine,HMDB0000965,107812,C00519,NCCS(O)=O,1
HMDB0034155,Thiourea,HMDB0034155,2723790,C14415,NC(N)=S,1
HMDB0304940,NA,NA,NA,NA,NA,0
HMDB0013318,Tryptophanamide,HMDB0013318,89366,C00977,NC(CC1=CNC2=CC=CC=C12)C(N)=O,1
HMDB0000289,Uric acid,HMDB0000289,1175,C00366,O=C1NC2=C(N1)C(=O)NC(=O)N2,1
HMDB0004326,2'-O-Methyladenosine,HMDB0004326,317398,C04779,COC1C(O)C(CO)OC1N1C=NC2=C(N)N=CN=C12,1
HMDB0000262,Thymine,HMDB0000262,1135,C00178,CC1=CNC(=O)NC1=O,1
HMDB0000318,4-Dihydroxyphenylglycol,HMDB0000318,91528,C05576,OCC(O)C1=CC(O)=C(O)C=C1,1
HMDB0000273,Thymidine,HMDB0000273,5789,C00214,CC1=CN([C@H]2C[C@H](O)[C@@H](CO)O2)C(=O)NC1=O,1
HMDB0000300,Uracil,HMDB0000300,1174,C00106,O=C1NC=CC(=O)N1,1
HMDB0000239,Pyridoxine,HMDB0000239,1054,C00314,CC1=C(O)C(CO)=C(CO)C=N1,1
HMDB0000012,Deoxyuridine,HMDB0000012,13712,C00526,OC[C@H]1O[C@H](C[C@@H]1O)N1C=CC(=O)NC1=O,1
HMDB0000130,Homogentisic acid,HMDB0000130,780,C00544,OC(=O)CC1=C(O)C=CC(O)=C1,1
HMDB0004366,Hordenine,HMDB0004366,68313,C06199,CN(C)CCC1=CC=C(O)C=C1,1
HMDB0003331,1-Methyladenosine,HMDB0003331,27476,C02494,CN1C=NC2=C(N=CN2[C@@H]2O[C@H](CO)[C@@H](O)[C@H]2O)C1=N,1
HMDB0001366,Purine,HMDB0001366,1044,C15587,N1C=NC2=C1C=NC=N2,1
HMDB0000101,Deoxyadenosine,HMDB0000101,13730,C00559,NC1=C2N=CN([C@H]3C[C@H](O)[C@@H](CO)O3)C2=NC=N1,1
HMDB0004044,N6-Methyladenosine,HMDB0004044,102175,NA,CNC1=NC=NC2=C1N=CN2[C@@H]1O[C@H](CO)[C@@H](O)[C@H]1O,1
HMDB0000034,Adenine,HMDB0000034,190,C00147,NC1=C2NC=NC2=NC=N1,1
HMDB0257047,NA,NA,NA,NA,NA,0
HMDB0000157,Hypoxanthine,HMDB0000157,790,C00262,OC1=NC=NC2=C1NC=N2,1
HMDB0000050,Adenosine,HMDB0000050,60961,C00212,NC1=C2N=CN([C@@H]3O[C@H](CO)[C@@H](O)[C@H]3O)C2=NC=N1,1
HMDB0000296,Uridine,HMDB0000296,6029,C00299,OC[C@H]1O[C@H]([C@H](O)[C@@H]1O)N1C=CC(=O)NC1=O,1
HMDB0011600,3-Methyladenine,HMDB0011600,1673,C00913,CN1C=NC(N)=C2N=CN=C12,1
HMDB0000064,Creatine,HMDB0000064,586,C00300,CN(CC(O)=O)C(N)=N,1
HMDB0000562,Creatinine,HMDB0000562,588,C00791,CN1CC(=O)NC1=N,1
HMDB0002894,5-Methylcytosine,HMDB0002894,65040,C02376,CC1=C(N)NC(=O)N=C1,1
HMDB0001392,p-Aminobenzoic acid,HMDB0001392,978,C00568,NC1=CC=C(C=C1)C(O)=O,1
HMDB0000754,3-Hydroxyisovaleric acid,HMDB0000754,69362,C20827,CC(C)(O)CC(O)=O,1
HMDB0004825,p-Octopamine,HMDB0004825,440266,C04227,NC[C@H](O)C1=CC=C(O)C=C1,1
HMDB0000630,Cytosine,HMDB0000630,597,C00380,NC1=CC=NC(=O)N1,1
HMDB0000244,Riboflavin,HMDB0000244,493570,C00255,CC1=C(C)C=C2N(C[C@H](O)[C@H](O)[C@H](O)CO)C3=NC(=O)NC(=O)C3=NC2=C1,1
HMDB0000802,Pterin,HMDB0000802,73000,C00715,NC1=NC2=NC=CN=C2C(=O)N1,1
HMDB0003192,5-Aminoimidazole-4-carboxamide,HMDB0003192,9679,C04051,NC(=O)C1=C(N)N=CN1,1
HMDB0000014,Deoxycytidine,HMDB0000014,13711,C00881,NC1=NC(=O)N(C=C1)[C@H]1C[C@H](O)[C@@H](CO)O1,1
HMDB0006344,Phenylacetylglutamine,HMDB0006344,92258,C04148,NC(=O)CC[C@H](NC(=O)CC1=CC=CC=C1)C(O)=O,1
HMDB0000895,Acetylcholine,HMDB0000895,187,C01996,CC(=O)OCC[N+](C)(C)C,1
HMDB0000462,Allantoin,HMDB0000462,204,C02350,NC(=O)NC1NC(=O)NC1=O,1
HMDB0000008,2-Hydroxybutyric acid,HMDB0000008,440864,C05984,CC[C@H](O)C(O)=O,1
HMDB0000729,alpha-Hydroxyisobutyric acid,HMDB0000729,11671,NA,CC(C)(O)C(O)=O,1
HMDB0029965,Methyl beta-D-glucopyranoside,HMDB0029965,445238,NA,CO[C@@H]1O[C@H](CO)[C@@H](O)[C@H](O)[C@H]1O,1
HMDB0001488,Nicotinic acid,HMDB0001488,938,C00253,OC(=O)C1=CN=CC=C1,1
HMDB0000195,Inosine,HMDB0000195,6021,C00294,OC[C@H]1O[C@H]([C@H](O)[C@@H]1O)N1C=NC2=C(O)N=CN=C12,1
HMDB0000132,Guanine,HMDB0000132,764,C00242,NC1=NC(=O)C2=C(N1)N=CN2,1
HMDB0000085,Deoxyguanosine,HMDB0000085,187790,C00330,NC1=NC2=C(N=CN2[C@H]2C[C@H](O)[C@@H](CO)O2)C(=O)N1,1
HMDB0000227,Mevalonic acid,HMDB0000227,439230,C00418,C[C@@](O)(CCO)CC(O)=O,1
HMDB0000226,Orotic acid,HMDB0000226,967,C00295,OC(=O)C1=CC(=O)NC(=O)N1,1
HMDB0000292,Xanthine,HMDB0000292,1188,C00385,O=C1NC2=C(NC=N2)C(=O)N1,1
HMDB0001867,4-Aminohippuric acid,HMDB0001867,2148,D06890 ,NC1=CC=C(C=C1)C(=O)NCC(O)=O,1
HMDB0000089,Cytidine,HMDB0000089,6175,C00475,NC1=NC(=O)N(C=C1)[C@@H]1O[C@H](CO)[C@@H](O)[C@H]1O,1
HMDB0002243,Picolinic acid,HMDB0002243,1018,C10164,OC(=O)C1=CC=CC=N1,1
HMDB0028929,Leucyl-Glycine,HMDB0028929,79070,NA,CC(C)CC(N)C(=O)NCC(O)=O,1
HMDB0001431,Pyridoxamine,HMDB0001431,1052,C00534,CC1=C(O)C(CN)=C(CO)C=N1,1
HMDB0304941,3-Amino-4-hydroxybenzoic acid,HMDB0304941,65083,C12115,NC1=C(O)C=CC(=C1)C(O)=O,1
HMDB0000159,Phenylalanine,HMDB0000159,6140,C00079,N[C@@H](CC1=CC=CC=C1)C(O)=O,1
HMDB0000929,L-Tryptophan,HMDB0000929,6305,C00078,N[C@@H](CC1=CNC2=C1C=CC=C2)C(O)=O,1
HMDB0000190,Lactic acid,HMDB0000190,107689,C00186,C[C@H](O)C(O)=O,1
HMDB0001129,N-Acetylmannosamine,HMDB0001129,11096158,C00645,CC(=O)N[C@@H]1[C@H](O)O[C@H](CO)[C@@H](O)[C@@H]1O,1
HMDB0011616,3'-cyclic phosphate,HMDB0011616,441483,C02353,NC1=NC=NC2=C1N=CN2C1OC(CO)C2OP(O)(=O)OC12,1
HMDB0000011,3-Hydroxybutyric acid,HMDB0000011,441,C01089,C[C@@H](O)CC(O)=O,1
HMDB0060080,Thyrotropin releasing hormone,HMDB0060080,638678,C03958,[H][C@@](CC1=CN=CN1)(NC(=O)[C@]1([H])CCC(=O)N1)C(=O)N1CCC[C@@]1([H])C(N)=O,1
HMDB0002658,6-Hydroxynicotinic acid,HMDB0002658,72924,C01020,OC(=O)C1=CN=C(O)C=C1,1
HMDB0001434,3-Methoxytyrosine,HMDB0001434,1670,NA,COC1=C(O)C=CC(CC(N)C(O)=O)=C1,1
HMDB0003911,3-Aminoisobutanoic acid,HMDB0003911,64956,C05145,CC(CN)C(O)=O,1
HMDB0000684,Kynurenine,HMDB0000684,161166,C00328,N[C@@H](CC(=O)C1=CC=CC=C1N)C(O)=O,1
HMDB0003349,L-Dihydroorotic acid,HMDB0003349,439216,C00337,OC(=O)[C@@H]1CC(=O)NC(=O)N1,1
HMDB0000301,Urocanic acid,HMDB0000301,736715,C00785,OC(=O)\C=C\C1=CNC=N1,1
HMDB0003681,4-Acetamidobutanoic acid,HMDB0003681,18189,C02946,CC(=O)NCCCC(O)=O,1
HMDB0000133,Guanosine,HMDB0000133,6802,C00387,NC1=NC2=C(N=CN2[C@@H]2O[C@H](CO)[C@@H](O)[C@H]2O)C(=O)N1,1
HMDB0000299,Xanthosine,HMDB0000299,64959,C01762,OC[C@H]1O[C@H]([C@H](O)[C@@H]1O)N1C=NC2=C1N=C(O)N=C2O,1
HMDB0000687,Leucine,HMDB0000687,6106,C00123,CC(C)C[C@H](N)C(O)=O,1
HMDB0001645,L-Norleucine,HMDB0001645,21236,C01933,CCCC[C@H](N)C(O)=O,1
HMDB0002024,Imidazoleacetic acid,HMDB0002024,96215,C02835,OC(=O)CC1=CN=CN1,1
HMDB0002210,2-Phenylglycine,HMDB0002210,3866,NA,NC(C(O)=O)C1=CC=CC=C1,1
HMDB0000766,N-Acetyl-L-alanine,HMDB0000766,88064,NA,C[C@H](NC(C)=O)C(O)=O,1
HMDB0034219,D-Pinitol,HMDB0034219,0,C03844,CO[C@@H]1[C@@H](O)[C@@H](O)[C@H](O)[C@H](O)[C@H]1O,1
HMDB0000026,Ureidopropionic acid,HMDB0000026,111,C02642,NC(=O)NCCC(O)=O,1
HMDB0000557,L-Alloisoleucine,HMDB0000557,99288,NA,CC[C@@H](C)[C@H](N)C(O)=O,1
HMDB0000172,Isoleucine,HMDB0000172,6306,C00407,CC[C@H](C)[C@H](N)C(O)=O,1
HMDB0000759,Glycylleucine,HMDB0000759,92843,C02155,CC(C)C[C@H](NC(=O)CN)C(O)=O,1
HMDB0094701,N-Acetylproline,HMDB0094701,66141,NA,[H][C@]1(CCCN1C(C)=O)C(O)=O,1
HMDB0001522,Methylguanidine,HMDB0001522,10111,C02294,CNC(N)=N,1
HMDB0000210,Pantothenic acid,HMDB0000210,6613,C00864,CC(C)(CO)[C@@H](O)C(=O)NCCC(O)=O,1
HMDB0000696,Methionine,HMDB0000696,6137,C00073,CSCC[C@H](N)C(O)=O,1
HMDB0000043,Betaine,HMDB0000043,247,C00719,C[N+](C)(C)CC(O)=O,1
HMDB0004437,Diethanolamine,HMDB0004437,8113,C06772,OCCNCCO,1
HMDB0000058,Cyclic AMP,HMDB0000058,6076,C00575,[H][C@@]12COP(O)(=O)O[C@@]1([H])[C@@H](O)[C@@H](O2)N1C=NC2=C1N=CN=C2N,1
HMDB0000700,Hydroxypropionic acid,HMDB0000700,68152,C01013,OCCC(O)=O,1
HMDB0000532,Acetylglycine,HMDB0000532,10972,NA,CC(=O)NCC(O)=O,1
HMDB0000875,Trigonelline,HMDB0000875,5570,C01004,C[N+]1=CC=CC(=C1)C([O-])=O,1
HMDB0000097,Choline,HMDB0000097,305,C00114,C[N+](C)(C)CCO,1
HMDB0000247,Sorbitol,HMDB0000247,5780,C00794,OC[C@H](O)[C@@H](O)[C@H](O)[C@H](O)CO,1
HMDB0001314,Cyclic GMP,HMDB0001314,24316,C00942,NC1=NC2=C(N=CN2[C@@H]2O[C@@H]3COP(O)(=O)O[C@H]3[C@H]2O)C(=O)N1,1
HMDB0000943,Threonic acid,HMDB0000943,5460407,C01620,OC[C@H](O)[C@@H](O)C(O)=O,1
HMDB0002064,N-Acetylputrescine,HMDB0002064,122356,C02714,CC(=O)NCCCCN,1
HMDB0000238,Sepiapterin,HMDB0000238,65253,C00835,C[C@H](O)C(=O)C1=NC2=C(NC1)NC(N)=NC2=O,1
HMDB0013716,Norvaline,HMDB0013716,439575,C01799,CCC[C@@H](N)C(O)=O,1
HMDB0000765,Mannitol,HMDB0000765,6251,C00392,OC[C@@H](O)[C@@H](O)[C@H](O)[C@H](O)CO,1
HMDB0000087,Dimethylamine,HMDB0000087,674,C00543,CNC,1
HMDB0002271,Imidazolepropionic acid,HMDB0002271,70630,C20522,OC(=O)CCC1=CNC=N1,1
HMDB0000201,L-Acetylcarnitine,HMDB0000201,7045767,C02571,CC(=O)O[C@H](CC(O)=O)C[N+](C)(C)C,1
HMDB0006029,N-Acetylglutamine,HMDB0006029,182230,NA,CC(=O)N[C@@H](CCC(N)=O)C(O)=O,1
HMDB0001861,3-Methylhistamine,HMDB0001861,69520,NA,CN1C=NC=C1CCN,1
HMDB0000472,5-Hydroxy-L-tryptophan,HMDB0000472,439280,C00643,N[C@@H](CC1=CNC2=C1C=C(O)C=C2)C(O)=O,1
HMDB0004824,N2-Dimethylguanosine,HMDB0004824,92919,NA,CN(C)C1=NC(=O)C2=C(N1)N(C=N2)[C@@H]1O[C@H](CO)[C@@H](O)[C@H]1O,1
HMDB0003431,L-Histidinol,HMDB0003431,165271,C00860,N[C@H](CO)CC1=CNC=N1,1
HMDB0000883,L-Valine,HMDB0000883,6287,C00183,CC(C)[C@H](N)C(O)=O,1
HMDB0000158,L-Tyrosine,HMDB0000158,6057,C00082,N[C@@H](CC1=CC=C(O)C=C1)C(O)=O,1
HMDB0000092,Dimethylglycine,HMDB0000092,673,C01026,CN(C)CC(O)=O,1
HMDB0000107,Galactitol,HMDB0000107,11850,C01697,OC[C@H](O)[C@@H](O)[C@@H](O)[C@H](O)CO,1
HMDB0000251,Taurine,HMDB0000251,1123,C00245,NCCS(O)(=O)=O,1
HMDB0000267,Pyroglutamic acid,HMDB0000267,7405,C01879,OC(=O)[C@@H]1CCC(=O)N1,1
HMDB0000235,Thiamine,HMDB0000235,1130,C00378,CC1=C(CCO)SC=[N+]1CC1=CN=C(C)N=C1N,1
HMDB0000716,L-Pipecolic acid,HMDB0000716,439227,C00408,OC(=O)[C@@H]1CCCCN1,1
HMDB0094692,N-Methylalanine,HMDB0094692,5288725,C02721,[H][C@@](C)(NC)C(O)=O,1
HMDB0000162,Proline,HMDB0000162,145742,C00148,OC(=O)[C@@H]1CCCN1,1
HMDB0001514,Glucosamine,HMDB0001514,439213,C00329,N[C@H]1C(O)O[C@H](CO)[C@@H](O)[C@@H]1O,1
HMDB0000870,Histamine,HMDB0000870,774,C00388,NCCC1=CNC=N1,1
HMDB0000925,Trimethylamine N-oxide,HMDB0000925,1145,C01104,C[N+](C)(C)[O-],1
HMDB0001906,2-Aminoisobutyric acid,HMDB0001906,6119,C03665,CC(C)(N)C(O)=O,1
HMDB0245095,NA,NA,NA,NA,NA,0
HMDB0036458,1-Aminocyclopropanecarboxylic acid,HMDB0036458,535,C01234,NC1(CC1)C(O)=O,1
HMDB0000613,Erythronic acid,HMDB0000613,2781043,NA,OC[C@@H](O)[C@@H](O)C(O)=O,1
HMDB0000991,DL-2-Aminooctanoic acid,HMDB0000991,69522,NA,CCCCCCC(N)C(O)=O,1
HMDB0006028,N-Acetylasparagine,HMDB0006028,99715,NA,CC(=O)N[C@@H](CC(N)=O)C(O)=O,1
HMDB0000622,Ethylmalonic acid,HMDB0000622,11756,NA,CCC(C(O)=O)C(O)=O,1
HMDB0000271,Sarcosine,HMDB0000271,1088,C00213,CNCC(O)=O,1
HMDB0000001,1-Methylhistidine,HMDB0000001,92105,C01152,CN1C=NC(C[C@H](N)C(O)=O)=C1,1
HMDB0011691,3'-cyclic phosphate,HMDB0011691,65359,C00127,NC1=NC(=O)N(C=C1)C1O[C@H](CO)[C@H]2OP(O)(=O)O[C@@H]12,1
HMDB0000725,4-Hydroxyproline,HMDB0000725,5810,C01157,O[C@H]1CN[C@@H](C1)C(O)=O,1
HMDB0000056,beta-Alanine,HMDB0000056,239,C00099,NCCC(O)=O,1
HMDB0000161,L-Alanine,HMDB0000161,5950,C00041,C[C@H](N)C(O)=O,1
HMDB0003464,4-Guanidinobutanoic acid,HMDB0003464,500,C01035,NC(=N)NCCCC(O)=O,1
HMDB0000867,Ribonic acid,HMDB0000867,5460677,C01685,OC[C@@H](O)[C@@H](O)[C@@H](O)C(O)=O,1
HMDB0003072,Quinic acid,HMDB0003072,6508,C00296,O[C@@H]1C[C@@](O)(C[C@@H](O)[C@H]1O)C(O)=O,1
HMDB0000062,L-Carnitine,HMDB0000062,10917,C00487,C[N+](C)(C)C[C@H](O)CC(O)=O,1
HMDB0000167,L-Threonine,HMDB0000167,6288,C00188,C[C@@H](O)[C@H](N)C(O)=O,1
HMDB0000128,Guanidoacetic acid,HMDB0000128,763,C00581,NC(=N)NCC(O)=O,1
HMDB0060460,cis-4-Hydroxy-D-proline,HMDB0060460,440014,C03440,O[C@H]1CN[C@H](C1)C(O)=O,1
HMDB0001149,5-Aminolevulinic acid,HMDB0001149,137,C00430,NCC(=O)CCC(O)=O,1
HMDB0000719,L-Homoserine,HMDB0000719,12647,C00263,N[C@@H](CCO)C(O)=O,1
HMDB0029430,Methionine sulfoximine,HMDB0029430,16118,C03510,CS(=N)(=O)CCC(N)C(O)=O,1
HMDB0001161,4-Trimethylammoniobutanoic acid,HMDB0001161,725,C01181,C[N+](C)(C)CCCC([O-])=O,1
HMDB0000123,Glycine,HMDB0000123,750,C00037,NCC(O)=O,1
HMDB0000479,Methylhistidine,HMDB0000479,64969,C01152,[H][C@](N)(CC1=CN=CN1C)C(O)=O,1
HMDB0000721,Glycylproline,HMDB0000721,3013625,NA,NCC(=O)N1CCC[C@H]1C(O)=O,1
HMDB0003070,Shikimic acid,HMDB0003070,8742,C00493,O[C@@H]1CC(=C[C@@H](O)[C@H]1O)C(O)=O,1
HMDB0000641,Glutamine,HMDB0000641,5961,C00064,N[C@@H](CCC(N)=O)C(O)=O,1
HMDB0000355,3-Hydroxymethylglutaric acid,HMDB0000355,1662,C03761,CC(O)(CC(O)=O)CC(O)=O,1
HMDB0003355,5-Aminopentanoic acid,HMDB0003355,138,C00431,NCCCCC(O)=O,1
HMDB0000177,Histidine,HMDB0000177,6274,C00135,N[C@@H](CC1=CN=CN1)C(O)=O,1
HMDB0000208,Oxoglutaric acid,HMDB0000208,51,C00026,OC(=O)CCC(=O)C(O)=O,1
HMDB0000112,gamma-Aminobutyric acid,HMDB0000112,119,C00334,NCCCC(O)=O,1
HMDB0000187,Serine,HMDB0000187,5951,C00065,N[C@@H](CO)C(O)=O,1
HMDB0000168,L-Asparagine,HMDB0000168,6267,C00152,N[C@@H](CC(N)=O)C(O)=O,1
HMDB0001982,7-Dimethyluric acid,HMDB0001982,83126,C16360,CN1C(=O)NC2=C1C(=O)NC(=O)N2C,1
HMDB0000446,N-alpha-Acetyl-L-lysine,HMDB0000446,92907,C12989,CC(=O)N[C@@H](CCCCN)C(O)=O,1
HMDB0000055,Cellobiose,HMDB0000055,10712,C00185,OC[C@H]1O[C@@H](O[C@H]2[C@H](O)[C@@H](O)[C@H](O)O[C@@H]2CO)[C@H](O)[C@@H](O)[C@@H]1O,1
HMDB0000211,myo-Inositol,HMDB0000211,NA,C00137,O[C@H]1[C@H](O)[C@@H](O)[C@H](O)[C@H](O)[C@@H]1O,1
HMDB0000679,Homocitrulline,HMDB0000679,65072,C02427,N[C@@H](CCCCNC(N)=O)C(O)=O,1
HMDB0001844,Methylsuccinic acid,HMDB0001844,6950476,C08645,C[C@@H](CC(O)=O)C(O)=O,1
HMDB0000661,Glutaric acid,HMDB0000661,743,C00489,OC(=O)CCCC(O)=O,1
HMDB0002393,N-Methyl-D-aspartic acid,HMDB0002393,22880,C12269,CN[C@H](CC(O)=O)C(O)=O,1
HMDB0000625,Gluconic acid,HMDB0000625,10690,C00257,OC[C@@H](O)[C@@H](O)[C@H](O)[C@@H](O)C(O)=O,1
HMDB0002092,Itaconic acid,HMDB0002092,811,C00490,OC(=O)CC(=C)C(O)=O,1
HMDB0062660,N-methyl-L-glutamic Acid,HMDB0062660,439377,C01046,CN[C@@H](CCC(O)=O)C(O)=O,1
HMDB0002757,Cysteic acid,HMDB0002757,25701,C00506,NC(CS(O)(=O)=O)C(O)=O,1
HMDB0001901,Aminocaproic acid,HMDB0001901,564,C02378,NCCCCCC(O)=O,1
HMDB0000740,Lactulose,HMDB0000740,11333,C07064,OC[C@H]1O[C@](O)(CO)[C@@H](O)[C@@H]1O[C@@H]1O[C@H](CO)[C@H](O)[C@H](O)[C@H]1O,1
HMDB0000186,Alpha-Lactose,HMDB0000186,84571,C00243,OC[C@H]1O[C@@H](O[C@H]2[C@H](O)[C@@H](O)[C@@H](O)O[C@@H]2CO)[C@H](O)[C@@H](O)[C@H]1O,1
HMDB0000904,Citrulline,HMDB0000904,9750,C00327,N[C@@H](CCCNC(N)=O)C(O)=O,1
HMDB0000232,Quinolinic acid,HMDB0000232,1066,C03722,OC(=O)C1=CC=CN=C1C(O)=O,1
HMDB0029415,S-Carboxymethyl-L-cysteine,HMDB0029415,1080,NA,NC(CSCC(O)=O)C(O)=O,1
HMDB0000426,Citramalic acid,HMDB0000426,1081,C00815,CC(O)(CC(O)=O)C(O)=O,1
HMDB0000975,Trehalose,HMDB0000975,7427,C01083,OC[C@H]1O[C@H](O[C@H]2O[C@H](CO)[C@@H](O)[C@H](O)[C@H]2O)[C@H](O)[C@@H](O)[C@@H]1O,1
HMDB0000691,Malonic acid,HMDB0000691,867,C00383,OC(=O)CC(O)=O,1
HMDB0000783,Propionylglycine,HMDB0000783,98681,NA,CCC(=O)NCC(O)=O,1
HMDB0002006,3-Diaminopropionic acid,HMDB0002006,97328,C03401,NC[C@H](N)C(O)=O,1
HMDB0000254,Succinic acid,HMDB0000254,1110,C00042,OC(=O)CCC(O)=O,1
HMDB0000606,D-2-Hydroxyglutaric acid,HMDB0000606,439391,C01087,O[C@H](CCC(O)=O)C(O)=O,1
HMDB0000812,N-Acetyl-L-aspartic acid,HMDB0000812,65065,C01042,CC(=O)N[C@@H](CC(O)=O)C(O)=O,1
HMDB0001138,N-Acetyl-L-glutamic acid,HMDB0001138,70914,C00624,CC(=O)N[C@@H](CCC(O)=O)C(O)=O,1
HMDB0005765,Ophthalmic acid,HMDB0005765,7018721,C21016,CC[C@H](NC(=O)CC[C@H](N)C(O)=O)C(=O)NCC(O)=O,1
HMDB0000148,Glutamic acid,HMDB0000148,33032,C00025,N[C@@H](CCC(O)=O)C(O)=O,1
HMDB0000194,Anserine,HMDB0000194,112072,C01262,CN1C=NC=C1C[C@H](NC(=O)CCN)C(O)=O,1
HMDB0250755,NA,NA,NA,NA,NA,0
HMDB0000156,Malic acid,HMDB0000156,222656,C00149,O[C@@H](CC(O)=O)C(O)=O,1
HMDB0000191,L-Aspartic acid,HMDB0000191,5960,C00049,N[C@@H](CC(O)=O)C(O)=O,1
HMDB0002545,Galacturonic acid,HMDB0002545,84740,C00333,O[C@@H](C=O)[C@@H](O)[C@@H](O)[C@H](O)C(O)=O,1
HMDB0002329,Oxalic acid,HMDB0002329,971,C00209,OC(=O)C(O)=O,1
HMDB0006248,gamma-Glutamylalanine,HMDB0006248,440103,C03740,C[C@H](NC(=O)CC[C@H](N)C(O)=O)C(O)=O,1
HMDB0000742,Homocysteine,HMDB0000742,91552,C00155,N[C@@H](CCS)C(O)=O,1
HMDB0002284,N-Acetylcadaverine,HMDB0002284,189087,NA,CC(=O)NCCCCCN,1
HMDB0000033,Carnosine,HMDB0000033,439224,C00386,NCCC(=O)N[C@@H](CC1=CN=CN1)C(O)=O,1
HMDB0000510,Aminoadipic acid,HMDB0000510,92136,C00956,N[C@@H](CCCC(O)=O)C(O)=O,1
HMDB0001539,Asymmetric dimethylarginine,HMDB0001539,123831,C03626,N[C@@H](CCC\N=C(/N)N(C)C)C(O)=O,1
HMDB0001227,5-Thymidylic acid,HMDB0001227,9700,C00364,CC1=CN([C@H]2C[C@H](O)[C@@H](COP(O)(O)=O)O2)C(=O)NC1=O,1
HMDB0000905,Deoxyadenosine monophosphate,HMDB0000905,12599,C00360,NC1=NC=NC2=C1N=CN2[C@H]1C[C@H](O)[C@@H](COP(O)(O)=O)O1,1
HMDB0003213,Raffinose,HMDB0003213,439242,C00492,OC[C@H]1O[C@@](CO)(O[C@H]2O[C@H](CO[C@H]3O[C@H](CO)[C@H](O)[C@H](O)[C@H]3O)[C@@H](O)[C@H](O)[C@H]2O)[C@@H](O)[C@@H]1O,1
HMDB0002520,beta-Glycerophosphoric acid,HMDB0002520,2526,C02979,OCC(CO)OP(O)(O)=O,1
HMDB0000192,L-Cystine,HMDB0000192,67678,C00491,N[C@@H](CSSC[C@H](N)C(O)=O)C(O)=O,1
HMDB0001185,S-Adenosylmethionine,HMDB0001185,34756,C00019,C[S+](CC[C@H](N)C(O)=O)C[C@H]1O[C@H]([C@H](O)[C@@H]1O)N1C=NC2=C1N=CN=C2N,1
HMDB0001409,dUMP,HMDB0001409,65063,C00365,O[C@H]1C[C@@H](O[C@@H]1COP(O)(O)=O)N1C=CC(=O)NC1=O,1
HMDB0000663,Glucaric acid,HMDB0000663,33037,C00818,O[C@@H]([C@H](O)[C@@H](O)C(O)=O)[C@H](O)C(O)=O,1
HMDB0001178,Adenosine diphosphate ribose,HMDB0001178,192,C00301,NC1=C2N=CN(C3OC(COP(O)(=O)OP(O)(=O)OCC4OC(O)C(O)C4O)C(O)C3O)C2=NC=N1,1
HMDB0000045,Adenosine monophosphate,HMDB0000045,6083,C00020,NC1=C2N=CN([C@@H]3O[C@H](COP(O)(O)=O)[C@@H](O)[C@H]3O)C2=NC=N1,1
HMDB0000121,Folic acid,HMDB0000121,6037,C00504,NC1=NC(=O)C2=NC(CNC3=CC=C(C=C3)C(=O)N[C@@H](CCC(O)=O)C(O)=O)=CN=C2N1,1
HMDB0000099,L-Cystathionine,HMDB0000099,439258,C02291,N[C@@H](CCSC[C@H](N)C(O)=O)C(O)=O,1
HMDB0000126,Glycerol 3-phosphate,HMDB0000126,439162,C00093,OC[C@@H](O)COP(O)(O)=O,1
HMDB0003269,Nicotinuric acid,HMDB0003269,68499,C05380,OC(=O)CNC(=O)C1=CN=CC=C1,1
HMDB0001413,Citicoline,HMDB0001413,13805,C00307,C[N+](C)(C)CCOP(O)(=O)OP(O)(=O)OC[C@H]1O[C@H]([C@H](O)[C@@H]1O)N1C=CC(N)=NC1=O,1
HMDB0000072,cis-Aconitic acid,HMDB0000072,643757,C00417,OC(=O)C\C(=C\C(O)=O)C(O)=O,1
HMDB0000288,Uridine 5'-monophosphate,HMDB0000288,6030,C00105,O[C@H]1[C@@H](O)[C@@H](O[C@@H]1COP(O)(O)=O)N1C=CC(=O)NC1=O,1
HMDB0001202,dCMP,HMDB0001202,13945,C00239,NC1=NC(=O)N(C=C1)[C@H]1C[C@H](O)[C@@H](COP(O)(O)=O)O1,1
HMDB0000639,Galactaric acid,HMDB0000639,3037582,C00879,O[C@@H]([C@@H](O)[C@H](O)C(O)=O)[C@@H](O)C(O)=O,1
HMDB0001370,Diaminopimelic acid,HMDB0001370,439283,C00666,N[C@@H](CCC[C@H](N)C(O)=O)C(O)=O,1
HMDB0001548,D-Ribose 5-phosphate,HMDB0001548,440101,C00117,O[C@H]1O[C@H](COP(O)(O)=O)[C@@H](O)[C@H]1O,1
HMDB0000175,Inosinic acid,HMDB0000175,8582,C00130,O[C@@H]1[C@@H](COP(O)(O)=O)O[C@H]([C@@H]1O)N1C=NC2=C1N=CNC2=O,1
HMDB0000224,O-Phosphoethanolamine,HMDB0000224,1015,C00346,NCCOP(O)(O)=O,1
HMDB0000229,Nicotinamide ribotide,HMDB0000229,14181,C00455,NC(=O)C1=C[N+](=CC=C1)[C@@H]1O[C@H](COP(O)(O)=O)[C@@H](O)[C@H]1O,1
HMDB0011747,Ciliatine,HMDB0011747,339,C03557,NCCP(O)(O)=O,1
HMDB0000958,trans-Aconitic acid,HMDB0000958,444212,C02341,OC(=O)C\C(=C/C(O)=O)C(O)=O,1
HMDB0001325,N6-Trimethyl-L-lysine,HMDB0001325,440120,C03793,C[N+](C)(C)CCCC[C@H](N)C([O-])=O,1
HMDB0001078,Mannose 6-phosphate,HMDB0001078,439198,C00275,O[C@@H]1O[C@H](COP(O)(O)=O)[C@@H](O)[C@H](O)[C@@H]1O,1
HMDB0000124,Fructose 6-phosphate,HMDB0000124,69507,C00085,OCC(=O)[C@@H](O)[C@H](O)[C@H](O)COP(O)(O)=O,1
HMDB0001586,Glucose 1-phosphate,HMDB0001586,65533,C00103,OC[C@H]1O[C@H](OP(O)(O)=O)[C@H](O)[C@@H](O)[C@@H]1O,1
HMDB0000094,Citric acid,HMDB0000094,311,C00158,OC(=O)CC(O)(CC(O)=O)C(O)=O,1
HMDB0000095,Cytidine monophosphate,HMDB0000095,6131,C00055,NC1=NC(=O)N(C=C1)[C@@H]1O[C@H](COP(O)(O)=O)[C@@H](O)[C@H]1O,1
HMDB0001565,Phosphorylcholine,HMDB0001565,1014,C00588,C[N+](C)(C)CCOP(O)(O)=O,1
HMDB0001397,Guanosine monophosphate,HMDB0001397,6804,C00144,NC1=NC2=C(N=CN2[C@@H]2O[C@H](COP(O)(O)=O)[C@@H](O)[C@H]2O)C(=O)N1,1
HMDB0000272,Phosphoserine,HMDB0000272,68841,C01005,N[C@@H](COP(O)(O)=O)C(O)=O,1
HMDB0000403,2-Hydroxyadenine,HMDB0000403,76900,NA,NC1=NC(O)=NC2=C1NC=N2,1
HMDB0001532,Deoxyadenosine triphosphate,HMDB0001532,15993,C00131,NC1=NC=NC2=C1N=CN2[C@H]1C[C@H](O)[C@@H](COP(O)(=O)OP(O)(=O)OP(O)(O)=O)O1,1
HMDB0000295,Uridine 5'-diphosphate,HMDB0000295,6031,C00015,O[C@H]1[C@@H](O)[C@@H](O[C@@H]1COP(O)(=O)OP(O)(O)=O)N1C=CC(=O)NC1=O,1
HMDB0003553,Stachyose,HMDB0003553,439531,C01613,OC[C@H]1O[C@@](CO)(O[C@H]2O[C@H](CO[C@H]3O[C@H](CO[C@H]4O[C@H](CO)[C@H](O)[C@H](O)[C@H]4O)[C@H](O)[C@H](O)[C@H]3O)[C@@H](O)[C@H](O)[C@H]2O)[C@@H](O)[C@@H]1O,1
HMDB0001401,Glucose 6-phosphate,HMDB0001401,5958,C00092,OC1O[C@H](COP(O)(O)=O)[C@@H](O)[C@H](O)[C@H]1O,1
HMDB0001107,7-Methylguanosine,HMDB0001107,445404,NA,CN1C=[N+]([C@@H]2O[C@H](CO)[C@@H](O)[C@H]2O)C2=C1C(=O)N=C(N)N2,1
HMDB0000214,Ornithine,HMDB0000214,6262,C00077,NCCC[C@H](N)C(O)=O,1
HMDB0000645,Galactose 1-phosphate,HMDB0000645,123912,C00446,OC[C@H]1O[C@H](OP(O)(O)=O)[C@H](O)[C@@H](O)[C@H]1O,1
HMDB0002666,Thiamine monophosphate,HMDB0002666,1131,C01081,CC1=C(CCOP(O)(O)=O)SC=[N+]1CC1=CN=C(C)N=C1N,1
HMDB0000517,L-Arginine,HMDB0000517,6322,C00062,N[C@@H](CCCNC(N)=N)C(O)=O,1
HMDB0001554,Xanthylic acid,HMDB0001554,73323,C00655,O[C@@H]1[C@@H](COP(O)(O)=O)O[C@H]([C@@H]1O)N1C=NC2=C1NC(=O)NC2=O,1
HMDB0000450,5-Hydroxylysine,HMDB0000450,3032849,C16741,NC[C@H](O)CC[C@H](N)C(O)=O,1
HMDB0000182,Lysine,HMDB0000182,5962,C00047,NCCCC[C@H](N)C(O)=O,1
HMDB0000206,N6-Acetyl-L-lysine,HMDB0000206,92832,C02727,CC(=O)NCCCC[C@H](N)C(O)=O,1
HMDB0000002,3-Diaminopropane,HMDB0000002,428,C00986,NCCCN,1
HMDB0000258,Sucrose,HMDB0000258,5988,C00089,OC[C@H]1O[C@@](CO)(O[C@H]2O[C@H](CO)[C@@H](O)[C@H](O)[C@H]2O)[C@@H](O)[C@@H]1O,1
HMDB0002005,Methionine sulfoxide,HMDB0002005,158980,C02989,CS(=O)CC[C@H](N)C(O)=O,1
HMDB0001209,Allantoic acid,HMDB0001209,203,C00499,NC(=O)NC(NC(N)=O)C(O)=O,1
HMDB0000086,Glycerophosphocholine,HMDB0000086,657272,C00670,C[N+](C)(C)CCOP([O-])(=O)OC[C@H](O)CO,1
HMDB0034367,gamma-Glutamylmethionine,HMDB0034367,7009567,NA,CSCC[C@H](NC(=O)CC[C@H](N)C(O)=O)C(O)=O,1
HMDB0011172,gamma-Glutamylvaline,HMDB0011172,7015683,NA,CC(C)[C@H](NC(=O)CC[C@H](N)C(O)=O)C(O)=O,1
HMDB0001243,Isobutyryl-CoA,HMDB0001243,3036931,C00630,CC(C)C(=O)SCCNC(=O)CCNC(=O)[C@H](O)C(C)(C)COP(O)(=O)OP(O)(=O)OC[C@H]1O[C@H]([C@H](O)[C@@H]1OP(O)(O)=O)N1C=NC2=C1N=CN=C2N,1
HMDB0000828,Ureidosuccinic acid,HMDB0000828,93072,C00438,NC(=O)N[C@@H](CC(O)=O)C(O)=O,1
HMDB0001067,N-Acetylaspartylglutamic acid,HMDB0001067,188803,C12270,CC(=O)N[C@@H](CC(O)=O)C(=O)N[C@@H](CCC(O)=O)C(O)=O,1
HMDB0001095,GDP-L-fucose,HMDB0001095,439211,C00325,C[C@@H]1OC(OP(O)(=O)OP(O)(=O)OC[C@H]2O[C@H]([C@H](O)[C@@H]2O)N2C=NC3=C2N=C(N)NC3=O)[C@@H](O)[C@H](O)[C@@H]1O,1
HMDB0000052,Argininosuccinic acid,HMDB0000052,16950,C03406,N[C@@H](CCCNC(=N)N[C@@H](CC(O)=O)C(O)=O)C(O)=O,1
HMDB0000998,dCTP,HMDB0000998,65091,C00458,NC1=NC(=O)N(C=C1)[C@H]1C[C@H](O)[C@@H](COP(O)(=O)OP(O)(=O)OP(O)(O)=O)O1,1
HMDB0000225,Oxoadipic acid,HMDB0000225,71,C00322,OC(=O)CCCC(=O)C(O)=O,1
HMDB0000202,Methylmalonic acid,HMDB0000202,487,C02170,CC(C(O)=O)C(O)=O,1
HMDB0000306,Tyramine,HMDB0000306,5610,C00483,NCCC1=CC=C(O)C=C1,1
HMDB0001866,4-Dihydroxymandelic acid,HMDB0001866,85782,C05580,OC(C(O)=O)C1=CC=C(O)C(O)=C1,1
HMDB0000291,Vanillylmandelic acid,HMDB0000291,736172,C05584,COC1=C(O)C=CC(=C1)[C@H](O)C(O)=O,1
HMDB0000763,5-Hydroxyindoleacetic acid,HMDB0000763,1826,C05635,OC(=O)CC1=CNC2=C1C=C(O)C=C2,1
